JobTitle,Company,Location,PostDate,ExtractDate,Summary,JobUrl
"Data Analyst, R&D Validation",Northvolt,Västerås,Mer än 30 dagar sedan,2020-09-21,Investigating problem-solving in terms of data comparison and analysis. Debugging and updating python code according to test protocol and data.,,https://se.indeed.com/rc/clk?jk=079c2195957d56d2&fccid=0284097cdcfc2e52&vjs=3
Data Scientist /Analyst,Cubane Solutions AB,Stockholm,5 dagar sedan,2020-09-21,Perform analyses on large sets of data to extract impactful insights on user behavior that will help drive product and design decisions.,,https://se.indeed.com/rc/clk?jk=7dbd6d55d52d4e4f&fccid=a00e0f48d2d490c3&vjs=3
Data Analyst in Translational Science - Oncopeptides,Haeger & Carlsson | Executive Search & Interim AB,Sverige,5 dagar sedan,2020-09-21,Proficiency in working with databases and analysis tools of such data. Reviewing and ensuring accurate data presented in clinical study reports and scientific…,,https://se.indeed.com/rc/clk?jk=cdab308f58c3da7b&fccid=4976cfc9f682fe80&vjs=3
Marketing Data Analyst,Epidemic Sound,Stockholm,18 dagar sedan,2020-09-21,Experience using data visualization to create compelling data stories. Understanding of data selection and analysis. How you will make an impact.,,https://se.indeed.com/rc/clk?jk=c890787a8c6247e3&fccid=0724ac049d2b292c&vjs=3
Data Analyst,Rovio Mobile Oy,Stockholm,6 dagar sedan,2020-09-21,"Preparing data sets and automating analyses using SQL. Know-how in big data technologies, e.g Presto, Athena, Hive. Our development is driven by our players.",,https://se.indeed.com/rc/clk?jk=d37d1e9aae1354f6&fccid=4390b8875bb81a53&vjs=3
Business Intelligence Analyst / Data Scientist,Curb food,Stockholm,5 dagar sedan,2020-09-21,"+3 years in a data domain (business intelligence / data science / data engineering). You will be able to work with all aspects of the data domain, analytics,…",,https://se.indeed.com/rc/clk?jk=5804a74f082ae567&fccid=4d3d383dc610d350&vjs=3
Data Analyst (Digital) till ICA Bankens Analysteam,ICA Gruppen AB,Solna,6 dagar sedan,2020-09-21,ICA Banken har lagt en utmanande och spännande strategi för att ta en tydlig position på marknaden. Som ett led i detta gör vi stora satsningar på området…,,https://se.indeed.com/rc/clk?jk=8f49cfa0517538f7&fccid=d64c292ff540899b&vjs=3
Senior Data Analyst,MachineGames,Uppsala,Mer än 30 dagar sedan,2020-09-21,5+ years' experience in AAA or mobile games development as a game data analyst or equivalent. High comfort level working with structured and unstructured data.,,https://se.indeed.com/rc/clk?jk=7de887f40ea2ac07&fccid=9dcab69359083d38&vjs=3
Business Analyst,Cytiva,Uppsala,3 dagar sedan,2020-09-21,You are great at analyzing large amounts of data and communicating insight. Do you have a passion for data driven decision and a curious mindset?,,https://se.indeed.com/rc/clk?jk=9d5d19c200422b8f&fccid=c46411dafcae5d08&vjs=3
Marketing Analyst till Intrum,Intrum Justitia,Stockholm,Idag,2020-09-21,"Vill du analysera och förse Intrums organisation med värdeskapande insikter och beslutsunderlag, baserat på data från marknad och CRM?",,https://se.indeed.com/rc/clk?jk=f4dc5433b7b51904&fccid=75320a96403450af&vjs=3
Data Analyst,MatHem,Stockholm,Mer än 30 dagar sedan,2020-09-21,"Work with engineers to understand how we collect data and what we need to do to produce reliable data, e.g. what instrumentation we need.",,https://se.indeed.com/rc/clk?jk=44f6a766b2ee5cfd&fccid=7313fe1cf4f442a0&vjs=3
Hemfrid söker en Junior Business Analyst (Extrajobb),Hemfrid,Sverige,3 dagar sedan,2020-09-21,"Identifiera, samla in, bearbeta och tolka relevant data från interna och externa källor. Som Junior Business Analyst på Hemfrid får du kliva in en snabbrörlig…",,https://se.indeed.com/rc/clk?jk=33ee96cd2dcad3a1&fccid=7eab9ab059fdaa7f&vjs=3
Data Analyst / Developer,The Flowminder Foundation,Stockholm,26 dagar sedan,2020-09-21,"Flowminder is a non-profit foundation that specialises in the analysis of anonymised mobile phone data, satellite imagery, and household survey data for…",,https://se.indeed.com/rc/clk?jk=41eb57e2e872ebf5&fccid=d0552785b06a9045&vjs=3
Data Engineer - GCP,Sogeti,Malmö,7 dagar sedan,2020-09-21,Din roll kommer troligen att innebära praktiskt arbete inom ramen för Data Engineering med tyngdpunkt inom insamling/transformering/analysering av data.,,https://se.indeed.com/rc/clk?jk=9f73e629e6e7b277&fccid=6eb97fc774cb61be&vjs=3
Data Analyst (Customer & Product) till ICA Bankens Analysteam,ICA Gruppen AB,Solna,5 dagar sedan,2020-09-21,Vi söker därför nu en Data Analyst som ska analysera och visualisera data som leder till insikter som stödjer affärsutvecklingen. Är det dig vi söker?,,https://se.indeed.com/rc/clk?jk=82c8f0c0ba02445e&fccid=d64c292ff540899b&vjs=3
Quantitative Analyst,KAMBI,Stockholm,20 dagar sedan,2020-09-21,Experience using statistical computer languages (R and/or Python) to manipulate data and draw insights from large data sets. What’s in it for you?,,https://se.indeed.com/rc/clk?jk=b624ee193f2ef921&fccid=1f139d6c4053bb0d&vjs=3
Quantitative Risk Analyst,Ikano Bank AB Sweden,Malmö,3 dagar sedan,2020-09-21,"Knowledge of handling data and new data sources is crucial for your success. As our Quantitative Risk Analyst, you will be part of our Risk Analytics team,…",,https://se.indeed.com/rc/clk?jk=f32b3d5c466ce6f3&fccid=2086bf08d7edb33a&vjs=3
Digital analyst,Cloud Nine,Stockholm,4 dagar sedan,2020-09-21,"Vi har ett stort fokus på e-handel och vill att du i rollen stöttar kunder med bland annat mätplaner, data-audits, KPI:er för webbnärvaron, implementerar…",,https://se.indeed.com/rc/clk?jk=9a12d1f61f61f508&fccid=2b45b50e6e514f83&vjs=3
Junior data analyst,mod:group,Stockholm,Mer än 30 dagar sedan,2020-09-21,"Som junior data analyst på mod:group så jobbar du hos ett av branschens mest innovativa bolag. Du kommer att arbeta med vår befintliga data, samt identifiera…",,https://se.indeed.com/rc/clk?jk=9bb032864ec37819&fccid=08070ffebb8a090c&vjs=3
Commercial Analyst,Johnson & Johnson Family of Companies,Stockholm,11 dagar sedan,2020-09-21,"Strong analytical skills to bring insights of all the data to the business stakeholders. At Johnson & Johnson Consumer Nordic, we are dedicated in providing No.",,https://se.indeed.com/rc/clk?jk=77059d783aab1098&fccid=0bed8e17bc113980&vjs=3
Data Scientist,Epidemic Sound,Stockholm,4 dagar sedan,2020-09-21,"Good understanding of data engineering practices and data modeling. Fluency in Python or R for data analysis. Actually. You can call yourself Data Analyst, Data…",,https://se.indeed.com/rc/clk?jk=0e59095c84923b07&fccid=0724ac049d2b292c&vjs=3
NetSuite Analyst,Blueair,Stockholm,5 dagar sedan,2020-09-21,As a NetSuite analyst at Blueair your main responsibility is to ensure that different departments are working with the ERP system efficiently and correctly.,,https://se.indeed.com/rc/clk?jk=3cdb62350e1a3098&fccid=30c84cdf66799aa9&vjs=3
Digital Analyst,Trickle Distribution,Stockholm,Mer än 30 dagar sedan,2020-09-21,"Identifying data and touch points, KPI’s and metrics for our campaigns and/or clients websites. We believe you’ve already worked with digital analysis and…",,https://se.indeed.com/rc/clk?jk=6051ea4a8d553f52&fccid=b86a4db21354a6a5&vjs=3
Quantitative Analyst,Kambi Stockholm,Stockholm,20 dagar sedan,2020-09-21,Experience using statistical computer languages (R and/or Python) to manipulate data and draw insights from large data sets. What’s in it for you?,,https://se.indeed.com/rc/clk?jk=d4e9715cc898c633&fccid=df42ed9fe8ff2a1d&vjs=3
Senior Data Analyst/Scientist for software download and over-the-air capabilities,Volvo,Göteborg,3 dagar sedan,2020-09-21,"Requirement gathering with focus on gathering and analysing data, using various types of analytics and reporting tools to detect patterns, trends and…",,https://se.indeed.com/rc/clk?jk=a039d093fc775301&fccid=849c0f4c2c13d398&vjs=3
Price Analyst Assistant (Budapest),ABACUS MEDICINE,Åre,Mer än 30 dagar sedan,2020-09-21,"Implementing data into the company’s database; Usage of different databases, working with a lot of data day by day. Are you the perfect candidate?",,https://se.indeed.com/rc/clk?jk=ce7ccb06cd2f7a33&fccid=df28821559cda2eb&vjs=3
Senior Data Analyst,ZeniMax Media Inc.,Uppsala,Mer än 30 dagar sedan,2020-09-21,5+ years' experience in AAA or mobile games development as a game data analyst or equivalent. High comfort level working with structured and unstructured data.,,https://se.indeed.com/rc/clk?jk=b2d919f02fb9dd87&fccid=1f253f9238a67842&vjs=3
Global Marketing Analyst,Storytel,Stockholm,6 dagar sedan,2020-09-21,Driving decision making with data visualization. Experience in working as analyst in performance marketing team. What we are looking for:,,https://se.indeed.com/rc/clk?jk=7d533c77634fd1f2&fccid=e169537e54ff8e59&vjs=3
Business Technology Analyst - ServiceNow,Sofigate Sweden,Stockholm,5 dagar sedan,2020-09-21,Vi söker dig som är ingenjör med data- eller annan teknisk inriktning. Sofigate is an IT management powerhouse with a strong role in digitalizing companies and…,,https://se.indeed.com/rc/clk?jk=7e12287a23cccb4c&fccid=4aee704206840718&vjs=3
Data Analyst II – Real World Evidence,PPD,Stockholm,Mer än 30 dagar sedan,2020-09-21,"Implements routine data management tasks to convert raw data files into analytical datasets. In addition, this individual will participate in quantitative…",,https://se.indeed.com/rc/clk?jk=4d32da93e2a03c17&fccid=5e93bbb0f296b0b5&vjs=3
Business Analyst FP&A,Electrolux,Stockholm,18 dagar sedan,2020-09-21,"Analytical - With an eye for detail and the ability to interpret complex data, you can translate data into meaningful business insights that drive decision…",,https://se.indeed.com/rc/clk?jk=b648181de8249d67&fccid=3a6b309410a33a62&vjs=3
Business Analyst,Anyfin,Stockholm,3 dagar sedan,2020-09-21,"As a business analyst you will be. What we are looking for in a business analyst. Make recommendations, create business value and drive strategy based on…",,https://se.indeed.com/rc/clk?jk=4c3459ff9298aea5&fccid=baea990ef52d6306&vjs=3
Stability Analyst,Cepheid,Solna,3 dagar sedan,2020-09-21,"Generate/present data summaries, trending and update stability reports. Cepheid is a leading molecular diagnostics company that is dedicated to improving…",,https://se.indeed.com/rc/clk?jk=a22e25d8d6945208&fccid=2dc2f35c3405a529&vjs=3
BI Data Analyst,Bluestorm Recruitment,Sverige,Mer än 30 dagar sedan,2020-09-21,Worked as a business to consumer (B2C) analyst. Advanced SQL script writing ability accompanied with ability to build new reports based on “raw” data from the…,,https://se.indeed.com/rc/clk?jk=335f82cb67b14091&fccid=8d38cfeea18f7473&vjs=3
Digital Analyst,KAN,Malmö,Mer än 30 dagar sedan,2020-09-21,Analysera och tolka data-drivna insikter. Arbeta med relevanta tekniska verktyg för insamling och visualisering av data från olika källor.,,https://se.indeed.com/rc/clk?jk=0d28176d552b4e5c&fccid=88d16085121594c6&vjs=3
Business Analyst for Operational Data Lake,Swedbank,Stockholm,Mer än 30 dagar sedan,2020-09-21,"Increasing Swedbanks analytical capabilities and diversifying its data landscape. Explore and introduce new platforms and technologies for discovery, advanced…",,https://se.indeed.com/rc/clk?jk=6873ed2ccae6b960&fccid=8276767fdf01edc0&vjs=3
Insights Analyst,AstraZeneca,Gärtuna,4 dagar sedan,2020-09-21,"The role will drive the analysis of data to support the process through the identification, analysis and interpretation of trends or patterns and prepare…",,https://se.indeed.com/rc/clk?jk=b3eb4e0380687025&fccid=003656df63cede32&vjs=3
Kravledare / Business Analyst,C.A.G MER Consulting,Stockholm,Mer än 30 dagar sedan,2020-09-21,"Arbetat som kravledare, kravanalytiker, business analyst, produktägare eller motsvarande. Vill du utvecklas i din roll som kravledare/business analyst i en…",,https://se.indeed.com/rc/clk?jk=a07e7d51963ad249&fccid=5f4a4d962f13ccd8&vjs=3
Ecommerce Analyst,MatHem,Stockholm,13 dagar sedan,2020-09-21,"Experience with generating data to present with insights regarding customer data, site centric data as well as contextual data.",,https://se.indeed.com/rc/clk?jk=b1c6689672a344e2&fccid=7313fe1cf4f442a0&vjs=3
Business Intelligence Analyst to Central Analysis Team,H&M,Stockholm,4 dagar sedan,2020-09-21,Knowledge of data visualization and data modeling in Power BI and Microsoft Excel. Genuine interest in how to create business value with the use of data.,,https://se.indeed.com/rc/clk?jk=3bea2e7a91d24e04&fccid=7c13ea7d2941e927&vjs=3
"Product Analyst, POS Alliance",iZettle,Stockholm,5 dagar sedan,2020-09-21,"2+ years of experience analyzing growth data in a fast-paced, data-driven environment. Build and analyze dashboards and reports for product data.",,https://se.indeed.com/rc/clk?jk=9bbdc4679ccfde05&fccid=978d9fd9799d55a8&vjs=3
HR Operations Analyst,Whirlpool Corporation,Bromma,14 dagar sedan,2020-09-21,"Process changes in employee status, pay, benefits, facilitating the process to happen, involving the right stakeholders, ensuring the data consistency on the HR…",,https://se.indeed.com/rc/clk?jk=8414980e4ff0b674&fccid=c403821dbe674a88&vjs=3
Total Rewards Analyst,QlikTech International,Lund,Mer än 30 dagar sedan,2020-09-21,An enthusiastic seeker and user of data to manage programs and make decisions. Instilling data integrity to compensation programs by conducting regular audits…,,https://se.indeed.com/rc/clk?jk=55b76472e4a94f70&fccid=3bd32e7f5fdf6af0&vjs=3
Business Analyst,Epidemic Sound,Stockholm,16 dagar sedan,2020-09-21,"As a Business Analyst, you cooperate with data engineers, data scientists, data analysts and other stakeholders across the organization to ensure that the right…",,https://se.indeed.com/rc/clk?jk=5ee9ee20c62dc73b&fccid=0724ac049d2b292c&vjs=3
Senior Data Analyst/Scientist for software download and over-the-air capabilities,Volvo Cars,Göteborg,3 dagar sedan,2020-09-21,"Requirement gathering with focus on gathering and analysing data, using various types of analytics and reporting tools to detect patterns, trends and…",,https://se.indeed.com/rc/clk?jk=f1ed3b0ac0414532&fccid=849c0f4c2c13d398&vjs=3
Business Analyst to Mobile Apps Sweden,Swedbank,Umeå,19 dagar sedan,2020-09-21,"Structure and analyze data, for example from our customer feedback tools. High analytical skills and an eye for details, love to dig into data and turn it into…",,https://se.indeed.com/rc/clk?jk=e2aa5575b7f4a939&fccid=8276767fdf01edc0&vjs=3
Growth Analyst,bambora,Stockholm,17 dagar sedan,2020-09-21,You are data driven - and turn that data in to insights and true value in our future growth. We are a data driven growth-oriented business looking for a Growth…,,https://se.indeed.com/rc/clk?jk=877ae45b9f084438&fccid=76ca0c3d632de293&vjs=3
"IT Business Analyst, Consumer Websites",Electrolux,Stockholm,7 dagar sedan,2020-09-21,"You use data to inform your decision making and strategic thinking, with a keen eye on details. IT Business Analyst, Consumer Websites.",,https://se.indeed.com/rc/clk?jk=b88afcac4d79b575&fccid=3a6b309410a33a62&vjs=3
Web Analyst / CRO Specialist,IDEAL OF SWEDEN,Stockholm,6 dagar sedan,2020-09-21,A passion for and the ability to make complex data-driven insights into simple actions. We are looking for a technical Web Analyst who is driven by…,,https://se.indeed.com/rc/clk?jk=1079259c4def6849&fccid=6445393570684f7f&vjs=3
IT Security analyst,bambora,Stockholm,5 dagar sedan,2020-09-21,Your main responsibility is to maintain the security and integrity of data stored or processed within the Ingenico Group and Bambora Acquiring Services…,,https://se.indeed.com/rc/clk?jk=45d5ad856c5b1ed0&fccid=76ca0c3d632de293&vjs=3
Billing Analyst (Swedish Speaking),Cubane Solutions AB,Stockholm,Mer än 30 dagar sedan,2020-09-21,Looking for Billing Analyst who can join immediately. Education: Economics background is considered advantageous. Experience working in multiple systems.,,https://se.indeed.com/rc/clk?jk=40c04babe7e028cf&fccid=a00e0f48d2d490c3&vjs=3
Business Intelligence Analyst,Voi Technology,Stockholm,Mer än 30 dagar sedan,2020-09-21,"We don't care if you call yourself a Data Scientist, Business Intelligence Developer or Data Engineer, most important for us is that you work with data, that…",,https://se.indeed.com/rc/clk?jk=d8d9d2c2bbab4d35&fccid=639bee6393c60c73&vjs=3
IT Business Analyst – Consumer Service,Electrolux,Stockholm,7 dagar sedan,2020-09-21,Experience of leveraging power of data and reporting for data driven decision process in different business areas. IT Business Analyst – Consumer Service.,,https://se.indeed.com/rc/clk?jk=9c9861cc531de449&fccid=3a6b309410a33a62&vjs=3
AML Analyst,Citi,Stockholm,Mer än 30 dagar sedan,2020-09-21,"Interprets data and makes recommendations. Applies specialty area knowledge in monitoring, assessing, analyzing and/or evaluating processes and data.",,https://se.indeed.com/rc/clk?jk=2914e73c8bbf14b5&fccid=5bcd1ef0a7f4fb99&vjs=3
Senior Data Analyst som älskar att göra data begriplig...,Prisjakt,Malmö,23 dagar sedan,2020-09-21,"Vi på Prisjakt äger historisk data (> 15 år) om miljontals produkter, priser från tiotusentals butiker och data från användningen av flera plattformar (att säga…",,https://se.indeed.com/rc/clk?jk=9b0d7c3bdc4db178&fccid=76245a16af328db8&vjs=3
IT Business Analyst,Cytiva,Uppsala,Mer än 30 dagar sedan,2020-09-21,Experience in driving decisions based on robust data analytics. Help us improve access to life - changing therapies that can transform human health.,,https://se.indeed.com/rc/clk?jk=8a6397e915842ff4&fccid=c46411dafcae5d08&vjs=3
"Analytiker/ Business Analyst, Sortiment & Inköp, Apotek Hjärtat",ICA Gruppen AB,Solna,12 dagar sedan,2020-09-21,"Du har lätt för att inspirera andra i det du brinner för allra mest – data och dess affärsvärde. Analytiker/ Business Analyst, Sortiment & Inköp, Apotek Hjärtat…",,https://se.indeed.com/rc/clk?jk=13b28dd5ea0e2435&fccid=d64c292ff540899b&vjs=3
Business Analyst with Finnish focus,Anyfin,Stockholm,Mer än 30 dagar sedan,2020-09-21,"As a business analyst you will be. Make recommendations, create business value and drive strategy based on insights from data and deep customer understanding.",,https://se.indeed.com/rc/clk?jk=9afea4b32f1ccf76&fccid=baea990ef52d6306&vjs=3
Total Rewards Analyst,Qlik,Lund,Mer än 30 dagar sedan,2020-09-21,An enthusiastic seeker and user of data to manage programs and make decisions. Instilling data integrity to compensation programs by conducting regular audits…,,https://se.indeed.com/rc/clk?jk=6e4aab2e20cee084&fccid=49ad47b3debb43f4&vjs=3
SAP MDM Analyst,Cepheid,Solna,11 dagar sedan,2020-09-21,"Perform data profiling and cleansing by evaluating data gathered from multiple sources, identify anomalies, reconcile differences, develop dashboards and…",,https://se.indeed.com/rc/clk?jk=a9a564bf6f7a1df2&fccid=2dc2f35c3405a529&vjs=3
Data Analysts,Advectas,Göteborg,Mer än 30 dagar sedan,2020-09-21,"Men stora mängder data innebär också stora utmaningar – Hur ska vi inhämta, lagra, tillgängliggöra, utnyttja, strukturera och säkra vår data på bästa sätt?",,https://se.indeed.com/rc/clk?jk=8309c5968db52081&fccid=98486fe73c554fde&vjs=3
ERP Analyst,Northvolt,Stockholm,Mer än 30 dagar sedan,2020-09-21,Northvolt has an exciting job opportunity for an ERP Analyst to join our stellar team in Stockholm. You will be contributing in your area from the very start in…,,https://se.indeed.com/rc/clk?jk=18869ad0ec268ee4&fccid=0284097cdcfc2e52&vjs=3
Digital Analyst,Hemnet,Stockholm,Mer än 30 dagar sedan,2020-09-21,"We offer you a data driven analyst role working in team with an experimental approach. Analyze, visualize and present behavioral data.",,https://se.indeed.com/rc/clk?jk=a8e3e3bcf35c6e6b&fccid=b20a462c58961ed0&vjs=3
Geospatial analyst,Vricon,Linköping,Mer än 30 dagar sedan,2020-09-21,"Kravställning och test av vårt 3D data produktionssystem. Produktion, analys och test av geospatial 3D-data. Vricon, som utvecklat en världsunik teknologi inom…",,https://se.indeed.com/rc/clk?jk=e8b2cf04c18c610a&fccid=7ca14285758da6d2&vjs=3
Credit Analyst,Qliro,Stockholm,12 dagar sedan,2020-09-21,"Have worked as a credit analyst for preferably 1-2 years or have other experiences from working with data. Have experience from working with SQL, R or another…",,https://se.indeed.com/rc/clk?jk=f8d896441e5b25f0&fccid=c7d2255f80c0ca72&vjs=3
Product Analyst - Viaplay,Nordic Entertainment Group,Stockholm,Mer än 30 dagar sedan,2020-09-21,"Analyze customer behaviour data by writing advanced SQL queries to extract relevant data from large scale data sources, then transform the data into insight…",,https://se.indeed.com/rc/clk?jk=79955488c8038c55&fccid=aa5f0eb9888a49aa&vjs=3
Redovisningsansvarig,Enento Group,Stockholm,5 dagar sedan,2020-09-21,"""Ingen dag är den andra lik och UC har mycket data att analysera vilket är otroligt kul! "". Vi letar alltid efter talanger som vill delta i vår resa och bidra…",,https://se.indeed.com/rc/clk?jk=3a8380a2b7f5496e&fccid=cd43ed621be4faff&vjs=3
Senior Data Analyst,OPM Recruitment,Uppsala,Mer än 30 dagar sedan,2020-09-21,"Strong experience as a game data analyst or comparable, in AAA or mobile games development. Comfortable working with structured and unstructured data.",,https://se.indeed.com/rc/clk?jk=4cc9f6bfe4e2077b&fccid=5f49509157db24a8&vjs=3
Junior Pricing Analyst till Proffsmagasinet,Proffsmagasinet,Stockholm,12 dagar sedan,2020-09-21,"Sökord: pricing analyst, controller, inköpare. Du har systemvana och van vid att bearbeta data i Excel. Är du i början av din karriär inom pricing / controlling…",,https://se.indeed.com/rc/clk?jk=7f47a1387f246b9b&fccid=20addc290d7fb13a&vjs=3
Data analyst på deltid!,Academic Work,Stockholm,5 dagar sedan,2020-09-21,"Tillgängliggöra data för webb genom berarbetning och behandling av datan. Det viktigaste i denna roll är att du är initiativtagande, strukturerad och tycker om…",,https://se.indeed.com/rc/clk?jk=8ebc1bdbb61a8f67&fccid=dccca727bf1a6346&vjs=3
Data Engineer to ALTEN IT Stockholm,ALTEN Sverige,Stockholm,14 dagar sedan,2020-09-21,"As a Data Engineer you will typically take the role of building and running data pipelines, data warehouse, data frameworks or different data presentation…",,https://se.indeed.com/rc/clk?jk=12c4921722a69836&fccid=6e57dceacef0d055&vjs=3
DICE: Senior Studio Analyst,Electronic Arts,Stockholm,10 dagar sedan,2020-09-21,Monitor data to identify changes and trends. Examine data reports to locate and resolve mistakes throughout. Analyze and collect data for many types of business…,,https://se.indeed.com/rc/clk?jk=a73445c387cb7415&fccid=617d7f961cfcf54a&vjs=3
"Group Digital, Business Navigation Analyst",IKEA,Helsingborg,5 dagar sedan,2020-09-21,"Preferable understanding of data science, new technologies, analytics and their wide-ranging application in business context.",,https://se.indeed.com/rc/clk?jk=55dc6e9e31e7f43b&fccid=af17ea0d1d6bbbba&vjs=3
Senior Analyst (various levels),Klarna,Stockholm,Mer än 30 dagar sedan,2020-09-21,"Create structure in disordered information/data. Think of an analyst at Klarna as a ""Swiss army knife"". Klarna is a data driven company where decisions are…",,https://se.indeed.com/rc/clk?jk=b6fb157f971326c3&fccid=e327fa7aabb6e920&vjs=3
"Data Scientist, Team lead",Epidemic Sound,Stockholm,23 dagar sedan,2020-09-21,"Good understanding of data engineering practices and data modeling. Fluency in Python or R for data analysis. Actually. You can call yourself Data Analyst, Data…",,https://se.indeed.com/rc/clk?jk=d1e40cfea9947410&fccid=0724ac049d2b292c&vjs=3
Senior Data Engineer till en av våra mest strategiska kunder,Sogeti,Göteborg,Mer än 30 dagar sedan,2020-09-21,"Som Data Engineer kommer du bl arbeta med infrastrukturella aktiviteter (lagring, säkerhet, prestanda), design, bygga data pipelines, implementering,…",,https://se.indeed.com/rc/clk?jk=3cb834341f6e50e8&fccid=6eb97fc774cb61be&vjs=3
IT Security Analyst,Paradox Interactive,Stockholm,Mer än 30 dagar sedan,2020-09-21,"Are you a curious and passionate security analyst? Install security measures and operate software to protect systems and information infrastructure, including…",,https://se.indeed.com/rc/clk?jk=18425c7008060e2f&fccid=b362c5db565b8d5d&vjs=3
Data Scientist for DeLaval,Level Recruitment,Tumba,Mer än 30 dagar sedan,2020-09-21,"Your responsibility is to develop and test models used in multivariate analysis, linear modelling and data mining of DeLaval´s data where you will be using…",,https://se.indeed.com/rc/clk?jk=51ed6e2f83531ed3&fccid=f576d9c136997227&vjs=3
Reporting Analyst,EPICO,Göteborg,4 dagar sedan,2020-09-21,Kunskaper i integration av data till Power BI. Lokalisering: Sverige (Göteborg) om möjligt. Det skulle förenkla om du har en rätt så bra bild av integrationer…,,https://se.indeed.com/rc/clk?jk=67d8ac4125869a5b&fccid=ae87f44adf978f09&vjs=3
Big Data Analyst,Next Ventures Limited,Sverige,Mer än 30 dagar sedan,2020-09-21,"Data Engineering exp of CI/CD pipelinging,.",,https://se.indeed.com/rc/clk?jk=4e83b36b04b8bfda&fccid=00cdad372c48b97b&vjs=3
Junior Business Analyst till Sabis,Academic Work,Stockholm,6 dagar sedan,2020-09-21,Du låter dig uppslukas av data och jobbar noggrant fram de bästa rapporterna. Som junior Business Analyst hos Sabis får du en bred roll med varierande…,,https://se.indeed.com/rc/clk?jk=6d69bb98f762ea0e&fccid=dccca727bf1a6346&vjs=3
Data Analyst (Cyber Security & Risk Management),Red Commerce,Stockholm,6 dagar sedan,2020-09-21,"Role :- Data Analyst (Cyber Security & Risk Management). End Date :- 5 Months + Possible Extension. Location :- Stockholm, Sweden (100% Remote during pandemic,…",,https://se.indeed.com/rc/clk?jk=2520e79d94e5eede&fccid=f3363a1b446e52ca&vjs=3
Lidl söker CRM Business Analyst,Retail recruitment,Stockholm,3 dagar sedan,2020-09-21,"Du samarbetar tätt med andra avdelningar som är i behov av att använda vår aggregerade data, t.ex. Vidare ansvarar du även för relevant analys, mätning,…",,https://se.indeed.com/rc/clk?jk=2c30e6cad1b9b8d2&fccid=6225215fd9dd9c94&vjs=3
Business Analyst,Avalanche Studios,Stockholm,Mer än 30 dagar sedan,2020-09-21,Partner in developing the data infrastructure (big-data) that enables data aware decision-making. Source data based on division needs and requirements.,,https://se.indeed.com/rc/clk?jk=203a618fa5ada3e4&fccid=b8ffc2ae19950ea4&vjs=3
"Data Analyst, Stockholm",Shaya Solutions AB,Stockholm,12 dagar sedan,2020-09-21,"As data analyst within Security & Risk Management you are responsible to collect, validate, model, and analyze data from disparate data sources.",,https://se.indeed.com/rc/clk?jk=4a3381964ae6d3d5&fccid=ddbb20bc2a34c637&vjs=3
Senior Product Analyst,MatHem eng,Stockholm,Mer än 30 dagar sedan,2020-09-21,"Work with engineers to understand how we collect data and what we need to do to produce reliable product data, e.g. what instrumentation we need.",,https://se.indeed.com/rc/clk?jk=cbbf738dad9897cf&fccid=117a43fc5a23c4b4&vjs=3
Analyst med finansiellt intresse till SkySparc,Academic Work,Stockholm,3 dagar sedan,2020-09-21,Deras dagliga arbetsmiljö inkluderar arbete med stora finansiella datorsystem som hanterar stora mängder data i komplexa miljöer.,,https://se.indeed.com/rc/clk?jk=f97db660df67c439&fccid=dccca727bf1a6346&vjs=3
Business Analyst till svensk storbank,Academic Work,Stockholm,10 dagar sedan,2020-09-21,Gruppering och sortering av relativt komplex data. Du har en analytisk förmåga med sinne för komplexa analyser där du snabbt kan sätta dig in i invecklad…,,https://se.indeed.com/rc/clk?jk=f05c380824bba015&fccid=dccca727bf1a6346&vjs=3
Senior Data Analyst - Central Operations,iZettle,Stockholm,Mer än 30 dagar sedan,2020-09-21,You’ll empower other iZettlers to use data in their work by training them and developing our data platform and making data accessible through our BI tools.,,https://se.indeed.com/rc/clk?jk=a097bc44c0b995c0&fccid=978d9fd9799d55a8&vjs=3
Financial Controller (Analyst),Bluestorm Recruitment,Sverige,Mer än 30 dagar sedan,2020-09-21,This person will help to shape the strategy of the business and clarify performance via data-driven insights and scaled reporting solutions.,,https://se.indeed.com/rc/clk?jk=6621f0d74589e2c8&fccid=8d38cfeea18f7473&vjs=3
Kravledare / Business Analyst,CAG,Stockholm,Mer än 30 dagar sedan,2020-09-21,"Arbetat som kravledare, kravanalytiker, business analyst, produktägare eller motsvarande. Vill du utvecklas i din roll som kravledare/business analyst i en…",,https://se.indeed.com/rc/clk?jk=f294395846b363bc&fccid=eb71fbdc7ee28f5c&vjs=3
"Consumer Segmentation Analyst to Polestar, Gothenburg",Polestar Performance AB,Göteborg,19 dagar sedan,2020-09-21,Establish core CRM reports using Salesforce data. Build data extension in Salesforce Marketing Cloud. Support Polestar customer support team with data requests.,,https://se.indeed.com/rc/clk?jk=d31c97a653bea942&fccid=f013e4fae78e764c&vjs=3
Business Analyst,Human Capital,Stockholm,11 dagar sedan,2020-09-21,Du har ett genuint intresse för att analysera data och processer samt genom dina insikter driva förbättringar. Dina huvudsakliga arbetsuppgifter blir följande:,,https://se.indeed.com/rc/clk?jk=29f245e30d456169&fccid=8db40fcd1aa2322c&vjs=3
Senior Financial Analyst - EU Expansion Finance,Amazon EU Sarl (Sweden Branch),Stockholm,24 dagar sedan,2020-09-21,"Deriving business insights from large volumes of data using data mining tools including proficiency in SQL, Databases and other coding mechanisms.",,https://se.indeed.com/rc/clk?jk=fa16eda0fda0210c&fccid=fe2d21eef233e94a&vjs=3
People Operations Analyst and System Owner,EasyPark,Stockholm,Mer än 30 dagar sedan,2020-09-21,"You have a strong interest in data and data analytics, and combined with your interest in the area you will be the go-to person for people insights and data…",,https://se.indeed.com/rc/clk?jk=c0f5905c97b74ad2&fccid=a454757a9d3e222c&vjs=3
Senior Impairment Analyst,Entercard,Stockholm,27 dagar sedan,2020-09-21,Ability to handle and analyze data. EnterCard is a finance company with a team of curious people passionate about data. Do we have a match?,,https://se.indeed.com/rc/clk?jk=387b071b8f0a3f45&fccid=3b202c2c9dd04d9f&vjs=3
Customer Success Manager,EF Education First,Stockholm,20 dagar sedan,2020-09-21,"Ability to interpret/analyze data, draw conclusions and construct a clear narrative. A logical and analytical mind who enjoys working with Ms Excel, data and…",,https://se.indeed.com/rc/clk?jk=424773fdb3ef20ab&fccid=b73e8c57e5544151&vjs=3
Senior Business Analyst/Process Specialist,Swedbank,Stockholm,7 dagar sedan,2020-09-21,"Are you passionate about Regulatory Reporting, process efficiency work & bringing order to data? With us you have the opportunity to:",,https://se.indeed.com/rc/clk?jk=4978332bdd9227c4&fccid=8276767fdf01edc0&vjs=3
Lead financial analyst till Westinghouse,Norén & Lindholm,Sverige,19 dagar sedan,2020-09-21,Allt för att vi ska får ett mer effektivt system med mer rättvisande data. Under 2019 lanserades vi en ny operativ modell vilket har ställt nya krav på…,,https://se.indeed.com/rc/clk?jk=4c7107898a0c97d8&fccid=b98ef4cf73e29d2d&vjs=3
"Enterprise Risk Management Specialist, Analyst – Group Business Risk & Compliance",IKEA,Malmö,Idag,2020-09-21,"You enjoy working with data analytics and can translate data into relevant management information. Since this is a data driven role, experience in dynamic risk…",,https://se.indeed.com/rc/clk?jk=1715f706edec1903&fccid=af17ea0d1d6bbbba&vjs=3
Industrial Engineer to FedEx in Stockholm,TNG,Stockholm,Mer än 30 dagar sedan,2020-09-21,"Analyzing large amount of data to optimize transport flow. We think you have a background as an analyst or as a statistician in logistics, finance or technology…",,https://se.indeed.com/rc/clk?jk=5ddfa0c31f32981a&fccid=ada73c3f77c05693&vjs=3
Senior Data Analyst,Datascope Recruitment,Stockholm,Mer än 30 dagar sedan,2020-09-21,You would continually analyse feature and player data to guide the development of features and systems. You should have good SQL skills as well as experience…,,https://se.indeed.com/rc/clk?jk=c2a29a7c39a96bef&fccid=98d608a086c9a75a&vjs=3
Sales Executive,Avensia,Göteborg,17 dagar sedan,2020-09-21,"Are you a proactive, confident self starter who is looking to join a company in a hyper-growth market where every single day provides an opportunity to learn…",,https://se.indeed.com/rc/clk?jk=f54304461a4d6aa2&fccid=076a259082235b27&vjs=3
Sales Specialist Information Management,Avensia,Lund,17 dagar sedan,2020-09-21,We are looking for a driven and enthusiastic Sales Specialist who will play a key role in driving our Information Management for Commerce (IMC) Business Area…,,https://se.indeed.com/rc/clk?jk=f584991ecb5b8fd8&fccid=076a259082235b27&vjs=3
SEM Specialist,Trickle Distribution,Stockholm,Mer än 30 dagar sedan,2020-09-21,"Execute tests, collect and analyze data, identify trends and insights in order to achieve maximum effect in paid search campaigns.",,https://se.indeed.com/rc/clk?jk=1d615716a06cc266&fccid=b86a4db21354a6a5&vjs=3
Vill du jobba som förvaltningsledare laboratorie-IT och bidra till ett rättssäkert samhälle?,Rättsmedecinalverket,Sverige,3 dagar sedan,2020-09-21,"Akademisk grundutbildning inom data/IT eller annan utbildning, exempelvis naturvetenskaplig ingenjörsutbildning, i kombination med arbetslivserfarenhet som RMV…",,https://se.indeed.com/rc/clk?jk=ffa2a77528b33a97&fccid=e436a2afb3250c5a&vjs=3
Data Analyst to H&M Business Tech Checkout Area,H&M,Stockholm,24 dagar sedan,2020-09-21,Ability to analyze large amounts of data into clear insights. Ability to communicate and explain data and its implications to various stakeholders.,,https://se.indeed.com/rc/clk?jk=0d769f4fe4ea8c28&fccid=7c13ea7d2941e927&vjs=3
Sales Analyst to Samsung!,i Value Your Talent Sweden AB,Stockholm,21 dagar sedan,2020-09-21,Strong numerical and analytical skills with experience of translating data from multiple sources into intuitive reports through data visualization.,,https://se.indeed.com/rc/clk?jk=adf2734978542885&fccid=9e7cae6a73c3faba&vjs=3
Digital Analyst,Hemnet AB,Stockholm,5 dagar sedan,2020-09-21,"We offer you a data driven analyst role working in team with an experimental approach. Analyze, visualize and present behavioral data.",,https://se.indeed.com/rc/clk?jk=232e99e720e3a3ea&fccid=81a0469955356d6f&vjs=3
"Senior Director, Europe Studios Analytics",Electronic Arts,Stockholm,Mer än 30 dagar sedan,2020-09-21,Familiarity with statistical software and big data environments. Foster and grow a data informed learning culture on your team and throughout EA.,,https://se.indeed.com/rc/clk?jk=52dd93210c24b99f&fccid=617d7f961cfcf54a&vjs=3
Digital Manager/ Digital Analyst,EPICO,Göteborg,17 dagar sedan,2020-09-21,Coordinate data lake support and maintenance with IT. Represent data and analytics team in cookie consent project and contribute with what's needed from our…,,https://se.indeed.com/rc/clk?jk=0d1912a1d7e6c3c5&fccid=ae87f44adf978f09&vjs=3
Rust Software Engineer - Bot Protection,Imperva,Stockholm,Mer än 30 dagar sedan,2020-09-21,"Imperva is an analyst-recognized, cybersecurity leader—championing the fight to secure data and applications wherever they reside.",,https://se.indeed.com/rc/clk?jk=092c2e865917ce27&fccid=a83aa9033316475b&vjs=3
Backend Developer - Sellers Experience,Hemnet,Stockholm,Mer än 30 dagar sedan,2020-09-21,"We work data-driven in close collaboration with each other- exploring small things, test and iterate. We validate against real data so we don't have to waste…",,https://se.indeed.com/rc/clk?jk=cd0ab0e31517c992&fccid=b20a462c58961ed0&vjs=3
Security Engineers,WirelessCar,Göteborg,3 dagar sedan,2020-09-21,That’s why we aim to accelerate the digital transformation in the automotive industry and in the next few years infuse over 100 million cars with digital…,,https://se.indeed.com/rc/clk?jk=3ccd018e89e5a58a&fccid=184fc16a1e65c54f&vjs=3
Streaming Catalogue Manager,Epidemic Sound,Stockholm,20 dagar sedan,2020-09-21,"Robust confidence with both content management systems and data asset management tools, as well as baseline data processing capabilities, are required.",,https://se.indeed.com/rc/clk?jk=f26cc62cd54f2e86&fccid=0724ac049d2b292c&vjs=3
Business Consultant,Cloudity,Stockholm,Mer än 30 dagar sedan,2020-09-21,First experience as business consultant/business analyst. Please remember to add to your CV the following formula: „I hereby agree for processing the following…,,https://se.indeed.com/rc/clk?jk=d49bba92bd54085e&fccid=bd41bb961da0e0e7&vjs=3
Senior Game Analyst [Live Operations],Ubisoft,Malmö,3 dagar sedan,2020-09-21,Expert querying ability using large disparate data-sets. Supporting operations and developers with insights based on telemetry data. Are you up for it?,,https://se.indeed.com/rc/clk?jk=f75225a241ae9e43&fccid=237908de095b6446&vjs=3
SAP Specialist | Logistic,Coesia,Göteborg,28 dagar sedan,2020-09-21,Leads the effort to manage and clean the data in SAP. FlexLink is the industry leader in material flow solutions.,,https://se.indeed.com/rc/clk?jk=bd5581e9772afa0a&fccid=21f9ba231cded098&vjs=3
"IT Business Analyst, Digital Marketing",Electrolux,Stockholm,7 dagar sedan,2020-09-21,"You use data to inform your decision making and strategic thinking, with a keen eye on details. IT Business Analyst, Digital Marketing.",,https://se.indeed.com/rc/clk?jk=374c96d93ef8b7c3&fccid=3a6b309410a33a62&vjs=3
Business Analyst,Fatalist Development AB,Stockholm,Mer än 30 dagar sedan,2020-09-21,Collaborate with peers within Avalanche Studios Group data analyst discipline. Partner in developing the data infrastructure (big-data) that enables data aware…,,https://se.indeed.com/rc/clk?jk=f475549927aca9db&fccid=36cb6f4987e5db17&vjs=3
Business Analyst till storbank i centrala Stockholm!,Amendo,Stockholm,9 dagar sedan,2020-09-21,"Ansvara för gruppering och sortering av relativt komplex data. I denna roll måste du snabbt kunna förstå komplex information (data, strukturer), utföra medel…",,https://se.indeed.com/rc/clk?jk=4b2df89410c45a7c&fccid=0a2524164790de7d&vjs=3
Analyst: Client Relations & Capital Raising,Finance Recruitment,Stockholm,19 dagar sedan,2020-09-21,"The ability to handle large amounts of data. On behalf of our client, we are seeking an Analyst for the Client Relations & Capital Raising team at EQT Partners…",,https://se.indeed.com/rc/clk?jk=7156dee6bf4f48c6&fccid=bb226cc167077b1e&vjs=3
Sales Analyst - NENT Radio,NENT Radio,Stockholm,Mer än 30 dagar sedan,2020-09-21,The world is continuously growing to be more data driven and there is no difference within radio. Are you known for being outgoing and service-minded and find…,,https://se.indeed.com/rc/clk?jk=529767852e8e081f&fccid=584b1f1bae1afbe5&vjs=3
Client Manager - SaaS,Voyado,Stockholm,16 dagar sedan,2020-09-21,"Use your LinkedIn profile (or upload a resume) and answer a few click-in questions (no data entry, we promise). Introducing and selling new features to clients.",,https://se.indeed.com/rc/clk?jk=bb76c7049bf60fae&fccid=d44b571ab722ccd5&vjs=3
Marketing tech specialist,Recoordinate,Stockholm,Mer än 30 dagar sedan,2020-09-21,Requirement analyst from a technical and marketing perspective. We believe you are consultative which would make you a suitable fit for giving our customers…,,https://se.indeed.com/rc/clk?jk=b17f6b27f05ee51e&fccid=336e47e805ed3d49&vjs=3
Business Solutions Architect,inRiver,Malmö,Mer än 30 dagar sedan,2020-09-21,"Experience leading data modeling & process design workshops. 5+ years’ experience as business analyst, project manager, consultant or similar.",,https://se.indeed.com/rc/clk?jk=65e7e047e3862119&fccid=253e4543c03c479f&vjs=3
Business Systems Manager,Cepheid,Solna,5 dagar sedan,2020-09-21,"Develop and facilitate organizing and conducting relevant, concise, data driven, professional presentations to leadership with concise recommendations.",,https://se.indeed.com/rc/clk?jk=efa4a92dfc39dd72&fccid=2dc2f35c3405a529&vjs=3
"Project Manager, Implementation & Delivery - Voyado,...",Voyado,Stockholm,Mer än 30 dagar sedan,2020-09-21,"Use your LinkedIn profile (or upload a resume) and answer a few click-in questions (no data entry, we promise). Some examples of your daily work:",,https://se.indeed.com/rc/clk?jk=1c637170e35d32e8&fccid=d44b571ab722ccd5&vjs=3
Chief Product Officer,Bitrefill,Stockholm,Mer än 30 dagar sedan,2020-09-21,"You are a natural problem solver and analyst, who can identify risk and suggest strategies for alleviating it. Code review and product review.",,https://se.indeed.com/rc/clk?jk=db84366580544044&fccid=89657259c86b6c78&vjs=3
DevOps Cloud Engineer,ALTEN Sverige,Stockholm,12 dagar sedan,2020-09-21,"If your head is up in the Clouds, keep on reading! Would you like to be a part of our awesome development teams, consisting of a multicultural mix of skilled…",,https://se.indeed.com/rc/clk?jk=9ada0e44de293442&fccid=6e57dceacef0d055&vjs=3
Sr. Client Success Manager,Pegasystems,Jobba hemifrån,Mer än 30 dagar sedan,2020-09-21,Customer Success requires analysis of available data to determine customer health and identification of new data - to drive proactive outreach.,,https://se.indeed.com/rc/clk?jk=47e10346a0e5c2b9&fccid=1b567d66763b30ee&vjs=3
CK-191 SAP MM Consultant,caisma-kmit,Stockholm,Mer än 30 dagar sedan,2020-09-21,"Minimum of 2 years’ experience of SAP design, principles and configuration working as Application expert/Requirement analyst. The Master Data scope includes:",,https://se.indeed.com/rc/clk?jk=6896e9572a458664&fccid=5edee848854254b0&vjs=3
Technogarden Stockholm satsar på IT! Vill du vara med på...,Technogarden,Stockholm,Mer än 30 dagar sedan,2020-09-21,"Technogarden är ett konsult- och rekryteringsbolag med fokus på IT- och teknikkompetenser. Vi tror på att våra konsulter är hjärtat i vår verksamhet, därför är…",,https://se.indeed.com/rc/clk?jk=65efb0e7850c18d8&fccid=ccaa4351de7b2fb9&vjs=3
BI Developer/Analyst to strong and growing company!,Perido,Stockholm,10 dagar sedan,2020-09-21,Experience of data visualization in Power BI. Involvement in BI architecture design and analytical data model development. We are looking for you who have:,,https://se.indeed.com/rc/clk?jk=07adaaed92a6ac07&fccid=ec2ab813141322ad&vjs=3
Product Owner Software,Your.Rentals,Malmö,Mer än 30 dagar sedan,2020-09-21,A great ability to analyze complex data and make well informed product decisions. Define data and reporting requirements and implement these in our business…,,https://se.indeed.com/rc/clk?jk=65c694ed8b820988&fccid=e63968d221e3ba49&vjs=3
Engineering Manager - Bot Protection,Imperva,Stockholm,Mer än 30 dagar sedan,2020-09-21,"Imperva is an analyst-recognized, cybersecurity leader—championing the fight to secure data and applications wherever they reside. We expect that you have:",,https://se.indeed.com/rc/clk?jk=8a23053e0f72d2e1&fccid=a83aa9033316475b&vjs=3
Senior Business Analyst,Epidemic Sound,Stockholm,20 dagar sedan,2020-09-21,"Experience in similar data engineering, data analysis, business intelligence or data visualization role. As a Senior Business Analyst, you cooperate with data…",,https://se.indeed.com/rc/clk?jk=a9677b546658201e&fccid=0724ac049d2b292c&vjs=3
SHAREHOLDER RELATIONS MANAGER,EQT,Stockholm,12 dagar sedan,2020-09-21,"Create presentations, analyze data and ensure that data which will be presented to analysts and stakeholders is correct.",,https://se.indeed.com/rc/clk?jk=cb0085651791c1a3&fccid=c235d22e32022e8e&vjs=3
Cloud Security Engineer - Viaplay,Nordic Entertainment Group,Stockholm,11 dagar sedan,2020-09-21,"Writing automation, data collection and infrastructure by code. Are you obsessed with building security solutions and thrilled about the fast-paced evolution of…",,https://se.indeed.com/rc/clk?jk=09c817ca4e620bff&fccid=aa5f0eb9888a49aa&vjs=3
Accolade Specialist/Designer – Sweden,Firstaff Personnel Consultants Ltd,Malmö,Mer än 30 dagar sedan,2020-09-21,"General understanding of master data management and system integra-tion. (Good technical un-derstanding is required, but also ability to work as designer…",,https://se.indeed.com/rc/clk?jk=ab58b71ea248b87b&fccid=00eed407d34e9f15&vjs=3
Senior HR IT Business Analyst,Ework Group AB,Stockholm,6 dagar sedan,2020-09-21,"Ensure business process integration, data consistency and architectural adherence. We are looking for a candidate with 5+ years of experience from working as a…",,https://se.indeed.com/rc/clk?jk=090ef0c2477f7013&fccid=62a6259ef6c426f6&vjs=3
Senior Technical Web Analyst,Harnham,Stockholm,25 dagar sedan,2020-09-21,"In this role you'll sit within their hugely successful Digital team in a hands-on, highly technical capacity using GTM /DTM and Web Analytics tools to deliver…",,https://se.indeed.com/rc/clk?jk=5e94739ca1d7ef5f&fccid=d72eb0548d91249c&vjs=3
Marketing Technologies Specialist (MarTech),Bluestorm Recruitment,Sverige,Mer än 30 dagar sedan,2020-09-21,Help support the data infrastructure required by the marketing team to deliver their goals. Ensure that BI Analyst needs for data tools is fully supported in a…,,https://se.indeed.com/rc/clk?jk=feae1d8ebd6edc3a&fccid=8d38cfeea18f7473&vjs=3
Business Analyst - Sztokholm - kontrakt,Hunt4IT,Stockholm,Mer än 30 dagar sedan,2020-09-21,"We currently have a vacancy for an Analyst fluent in English, to offer his/her services as an expert who will be based in Stockholm.",,https://se.indeed.com/rc/clk?jk=1dfa9b5e46585629&fccid=7997035d6982576b&vjs=3
Rust Software Engineer,Imperva,Stockholm,Mer än 30 dagar sedan,2020-09-21,"Imperva is an analyst-recognized, cybersecurity leader—championing the fight to secure data and applications wherever they reside.",,https://se.indeed.com/rc/clk?jk=8e01005f8a10741d&fccid=a83aa9033316475b&vjs=3
Growth Hacker Specialist till PodMe,Next u,Stockholm,4 dagar sedan,2020-09-21,"Minst 3 års arbetslivserfarenhet på relevant roll ex data analyst, converstion manager eller digital marknadsföring. ... eller på vanligt sätt längre ned.",,https://se.indeed.com/rc/clk?jk=e3028fc2951ad0fc&fccid=2bb4ad310e45953b&vjs=3
Strategic Account Executive - Commerce Cloud,Salesforce,Stockholm,Mer än 30 dagar sedan,2020-09-21,"You will engage with prospect organisations to position salesforce solutions through strategic value based selling, business case definition, ROI analysis,…",,https://se.indeed.com/rc/clk?jk=04e866527ed5692b&fccid=4027cfd917e1ee29&vjs=3
Senior Business Analyst / Project Manager till storbank i...,SJR,Stockholm,10 dagar sedan,2020-09-21,Gruppering och sortering av komplex data. Vidare är du en driven och självgående person som har ett genuint intresse för att analysera data och processer samt…,,https://se.indeed.com/rc/clk?jk=3e0b9b6cddd06eb7&fccid=3aae1e6d60d2bd69&vjs=3
Credit Risk Analyst - Portfolio,Harnham,Stockholm,Mer än 30 dagar sedan,2020-09-21,"And you need to be able to balance both hard (A/B testing outcomes) and soft (customer feedback) data. Up to 750,000 SEK plus competitive share scheme benefits.",,https://se.indeed.com/rc/clk?jk=3a5439c7a31ff808&fccid=d72eb0548d91249c&vjs=3
Java Tech Lead till SEB i Stockholm,SEB,Stockholm,27 dagar sedan,2020-09-21,Vill du jobba med arkitektur inom Master Data Management? Välkommen som Java Tech Lead hos SEB i Stockholm. Här får du möjlighet att ta egna initiativ gällande…,,https://se.indeed.com/rc/clk?jk=0987b468a5e7c22a&fccid=2eb52353f2b6f939&vjs=3
Finance Controller,Menzies Aviation,Arlanda,Mer än 30 dagar sedan,2020-09-21,"Menzies Aviation is one of the world's largest suppliers of ground handling services. We are an independent, time-critical logistics specialist serving the…",,https://se.indeed.com/rc/clk?jk=fc081fe309ce439d&fccid=0bde2a78ac7371d9&vjs=3
Vill du jobba som förvaltningsledare laboratorie-IT?,Rättsmedicinalverket,Linköping,3 dagar sedan,2020-09-21,"Akademisk grundutbildning inom data/IT eller annan utbildning, exempelvis naturvetenskaplig ingenjörsutbildning, i kombination med arbetslivserfarenhet som RMV…",,https://se.indeed.com/rc/clk?jk=dd5f6fdef5eeaf6d&fccid=703facd198c2371f&vjs=3
AI Lead,Bouvet AB,Stockholm,Mer än 30 dagar sedan,2020-09-21,Erfarenhet av att leda förändringsarbete inom data science/analytics/strategy. Som konsult och medarbetare på Bouvet kommer du att utmanas och få utmana i…,,https://se.indeed.com/rc/clk?jk=d59d40bbb47329eb&fccid=35e4112951fa937d&vjs=3
Enterprise Account Executive,Salesforce,Stockholm,Mer än 30 dagar sedan,2020-09-21,"Position Salesforce solutions through strategic value based selling, business case definition, ROI analysis, references and analyst data.",,https://se.indeed.com/rc/clk?jk=2d19ce56fa80d1ae&fccid=4027cfd917e1ee29&vjs=3
Jr Analyst/Business Controller with great VBA-skills to Large Cap-company – 12 months interim,MRG,Solna,Mer än 30 dagar sedan,2020-09-21,"Experience from master data management, building dynamic financial data models, quickly manipulate complex data and conduct in depth analysis is preferred.",,https://se.indeed.com/rc/clk?jk=ea8d5ac3c5ffa1ec&fccid=a00f4d10ba27f551&vjs=3
SAP Specialist | FI/CO,Coesia,Göteborg,28 dagar sedan,2020-09-21,Leads the effort to manage and clean the data in SAP. FlexLink is the industry leader in material flow solutions.,,https://se.indeed.com/rc/clk?jk=6a3200d9abd98266&fccid=21f9ba231cded098&vjs=3
Credit Risk Model Analyst,Harnham,Stockholm,Mer än 30 dagar sedan,2020-09-21,"Up to 900,000 SEK plus a competitive benefits package. Are you a Credit Risk Model Analyst with an interest in Capital and Impairment?",,https://se.indeed.com/rc/clk?jk=c388762bfc225ab9&fccid=d72eb0548d91249c&vjs=3
Senior Account Executive,Salesforce,Stockholm,Mer än 30 dagar sedan,2020-09-21,"Position Salesforce solutions through strategic value based selling, business case definition, ROI analysis, references and analyst data.",,https://se.indeed.com/rc/clk?jk=245bccaab1f7bcb0&fccid=4027cfd917e1ee29&vjs=3
Senior Rust Software Engineer,Imperva,Stockholm,Mer än 30 dagar sedan,2020-09-21,"Imperva is an analyst-recognized, cybersecurity leader—championing the fight to secure data and applications wherever they reside.",,https://se.indeed.com/rc/clk?jk=c3c6ed33cabba5a0&fccid=a83aa9033316475b&vjs=3
Credit Risk Model Developer - IRB,Harnham,Stockholm,Mer än 30 dagar sedan,2020-09-21,"Credit Risk Model Developer - IRB. Up to 800,000 SEK plus a competitive benefits package. Are you a Credit Risk Modelling Analyst with an interest in Capital…",,https://se.indeed.com/rc/clk?jk=af80afd88009bf38&fccid=d72eb0548d91249c&vjs=3
Data Analyst,Dabster Systems,Göteborg,19 dagar sedan,2020-09-21,"Extract and structure data using specialized analytics tools under general supervision, use it to analyze opportunities/problems defined by the business, the…",,https://se.indeed.com/company/Dabster-Systems/jobs/Data-Analyst-062fe337615e5502?fccid=5d566231933113d5&vjs=3
Business Analyst,Raven Consulting,Stockholm,7 dagar sedan,2020-09-21,The main responsibilities of the business analyst are: *. Raven Consulting is hiring ( junior and senior) business analyst in the banking domain for multiple…,,https://se.indeed.com/company/Raven-Consulting/jobs/Business-Analyst-ad69153c9df4f22d?fccid=4c8d5d2764ef15f1&vjs=3
Data Analyst - Peri- and Post Approval Studies (PPAS),Evidera,Stockholm,Mer än 30 dagar sedan,2020-09-21,"Implements routine data management tasks to convert raw data files into analytical datasets. In addition, this individual will participate in quantitative…",,https://se.indeed.com/rc/clk?jk=9019c9b62314f478&fccid=13bdc6eb14329ae4&vjs=3
Financial Analyst,Verisure Innovation AB,Malmö,6 dagar sedan,2020-09-21,Examine reports and data closely to check for discrepancies. Business leadership: Goes beyond the mere reporting of data.,,https://se.indeed.com/rc/clk?jk=1c77ba35ec313965&fccid=ed8ba7520e3f6ae5&vjs=3
Data Analyst Leader - Ingka Centres Services AB,Ingka Centres Services AB,Malmö,4 dagar sedan,2020-09-21,"Support data driven decision on product and strategy by visualisation of data. Large datasets and of data set processes for data modelling, mining and…",,https://se.indeed.com/rc/clk?jk=2990931905374fda&fccid=e95025ad62fdf776&vjs=3
SAP MDM Analyst,Red Commerce,Stockholm,5 dagar sedan,2020-09-21,Actively manage master data attributes and processes for aggregating master data inputs from cross functional teams. Create and maintain SAP master data.,,https://se.indeed.com/rc/clk?jk=bf51f251d70d283f&fccid=f3363a1b446e52ca&vjs=3
Data Analyst & Master Data Specialist,Moveup,Stockholm,Mer än 30 dagar sedan,2020-09-21,"The Masterdata Specialist works with analysts, internal departments and commercial business units to resolve data issues and carries out Mass data system…",,https://se.indeed.com/rc/clk?jk=60eb8e318d39db46&fccid=66949fc28f5bfb39&vjs=3
"Senior Data Analyst, Team Manager",Rovio Sweden AB,Stockholm,3 dagar sedan,2020-09-21,3+ years experience as an analyst or data scientist or product manager. Communication is key to make data actionable. Designing and evaluating tracking events.,,https://se.indeed.com/rc/clk?jk=6f6c10d86a6591df&fccid=4f46a1fce8c95f4a&vjs=3
Senior Digital Analyst,Beet AB,Sverige,Mer än 30 dagar sedan,2020-09-21,"Är du en driven marknadsförare med kärlek för data, riktigt bra kaffe, fredagsbubbel och härliga kollegor? En del av detta går ut på att genomföra behovsanalys…",,https://se.indeed.com/rc/clk?jk=7ef7969539c68f3f&fccid=27110437ccac76ce&vjs=3
Teknikingenjörer till MCA Stockholm!,Mission Consultancy Assistance Sweden AB,Stockholm,10 dagar sedan,2020-09-21,MCA satsar stort i Stockholm och är i full färd med att etablera oss inom IT för att vara en del av den snabba och spännande teknikutvecklingen som sker i…,,https://se.indeed.com/rc/clk?jk=d32f56b326297325&fccid=97a21db1c6cfcfb9&vjs=3
Senior Java Software Engineer - Simulation Team,Ocado Group,Stockholm,Mer än 30 dagar sedan,2020-09-21,"Python experience, particularly in a data mining and analysis setting. As an analyst, generating and using large datasets to help inform business decisions and…",,https://se.indeed.com/rc/clk?jk=7bb31d0d4b51e603&fccid=dde460449ad6f8d7&vjs=3
